name,price,rr,brand,orignal_price,discount
32.5 L Backpack Fizz Sch Bag,"₹1,129",,AMERICAN TOURISTER,"₹2,300",50% off
Small 20 L Backpack Poliyester School College Multipurp...,₹315,,Pro Life,"₹1,799",82% off
Medium 25 L Backpack DAYPACK Small Bags Backpack for da...,₹299,,PROVOGUE,₹899,66% off
23.5 L Backpack FIND,₹799,,SAFARI,"₹1,958",59% off
Large 38 L Laptop Backpack Large Historage backpack Tra...,₹664,,Roadster,"₹1,999",66% off
Medium 21 L Backpack Classic Multipurpose,₹315,,Pro Life,₹999,68% off
41.5 L Laptop Backpack Spacy Freeride unisex bag with r...,₹739,,PROVOGUE,"₹2,999",75% off
Medium 25 L Backpack 25ltr Laptop Backpack Spacy unisex...,₹599,,parjuar,"₹1,499",60% off
Large 35 L Laptop Backpack simn.1552/1 orange black off...,₹684,,Flycraft,"₹2,699",74% off
Large 35 L Backpack Bingo 01,₹987,,SKYBAGS,"₹1,900",48% off
Large 35 L Laptop Backpack Axe Unisex laptop/college/sc...,₹491,,WROGN,"₹2,499",80% off
Medium 30 L Laptop Backpack Backpack For College School...,₹419,,WROGN,"₹2,999",86% off
Large 70 L Backpack UNISEX WaterProof Mountain Rucksack...,₹664,,aob,"₹2,999",77% off
41.5 L Laptop Backpack Spacy Freeride Unisex Bag with r...,₹739,,PROVOGUE,"₹4,499",83% off
55 L Laptop Backpack Laptop backpack spacy unisex backp...,₹744,,WROGN,"₹3,999",81% off
Small 10 L Backpack RAGER 10L DAYPACK BLACK,₹489,,SKYBAGS,"₹1,120",56% off
Medium 25 L Laptop Backpack DAYPACK Small Bags Backpack...,₹286,,PROVOGUE,₹999,71% off
Small 15 L Backpack DAYPACK,₹399,,SAFARI,₹799,50% off
Medium 25 L Backpack DAYPACK Small Bags Backpack for da...,₹299,,PROVOGUE,₹899,66% off
Medium 25 L Laptop Backpack for Office/College/School/T...,₹431,,TRAVEL POINT,"₹2,999",85% off
Medium 27 L Backpack GRAF 27L BACKPACK BLUE,₹899,,SKYBAGS,"₹2,000",55% off
Medium 25 L Backpack DAYPACK Bags Backpack 25L Provogue...,₹272,,familiar,₹999,72% off
35.5 L Laptop Backpack Unisex bag with rain cover Lapto...,₹739,,PROVOGUE,"₹3,499",78% off
Medium 25 L Laptop Backpack Ultra Lightweight,₹369,,BRIVER,"₹1,199",69% off
Medium 25 L Backpack DAYPACK Bags Backpack 25L Provogue...,₹272,,familiar,₹999,72% off
32.5 L Backpack Fizz Sch Bag,"₹1,129",,AMERICAN TOURISTER,"₹2,300",50% off
Medium 30 L Laptop Backpack Backpack For College School...,₹454,,WROGN,"₹2,999",84% off
Large 35 L Backpack 35L spacy bagpack 4th to 10th class...,₹599,,xfast,"₹1,899",68% off
Large 40 L Laptop Backpack Unisex Bag with rain cover O...,₹774,,PROVOGUE,"₹4,999",84% off
Medium 26 L Backpack Jacquard Camo,₹849,,Gear,"₹1,299",34% off
Large 32 L Laptop Backpack Large Laptop Backpack Unisex...,₹521,,Sonex,₹999,47% off
Medium 23 L Backpack Boho 01 With Raincover,"₹1,699",,SKYBAGS,"₹2,800",39% off
Medium 30 L Laptop Backpack Backpack For College School...,₹454,,WROGN,"₹2,999",84% off
Large 40 L Laptop Backpack Backpack For College School ...,₹599,,Roadster,"₹2,999",80% off
21.65 L Backpack BRAT,₹789,,SKYBAGS,"₹2,100",62% off
Medium 24 L Backpack PROTECTOR LP BP BLACK,"₹1,099",,ARISTOCRAT,"₹3,400",67% off
32.5 L Backpack Mist Sch Bag,"₹1,099",,AMERICAN TOURISTER,"₹2,600",57% off
Large 40 L Laptop Backpack TRAVEL BAG WITH HIP STRAP AN...,₹453,,ZONAL,"₹1,999",77% off
Medium 22 L Backpack Pioneer,₹899,,PUMA,"₹1,499",40% off
Medium 30 L Backpack laptop Bag||College Bag||BACKPACK|...,₹381,,HP,"₹1,108",65% off
Large 32 L Backpack NEW NEON 12,₹871,,SKYBAGS,"₹1,900",54% off
21.65 L Backpack BRAT,₹699,,SKYBAGS,"₹2,010",65% off
Small 20 L Backpack Modern ECO 5 Backpack,₹449,,Gear,₹999,55% off
Medium 25 L Laptop Backpack for Office/College/School/T...,₹431,,TRAVEL POINT,"₹2,999",85% off
Medium 30 L Laptop Backpack Backpack For College School...,₹454,,WROGN,"₹2,999",84% off
Medium 30 L Backpack Neavy,₹672,,NorthZone,"₹1,999",66% off
Medium 22 L Backpack VOXEL 22L BACKPACK BLUE,₹799,,SKYBAGS,"₹1,800",55% off
23.5 L Backpack FIND,₹799,,SAFARI,"₹1,958",59% off
Medium 30 L Laptop Backpack simna.1550 black yellow cas...,₹479,,Flycraft,"₹1,599",70% off
Small 15 L Backpack Unisex Backpack For School/Office/T...,₹281,,PROVOGUE,"₹1,499",81% off
Medium 28 L Backpack BEATLE NXT 01 LAPTOP BACKPACK (E) ...,"₹1,199",,SKYBAGS,"₹2,650",54% off
Medium 25 L Backpack 25ltr Laptop Backpack Spacy unisex...,₹599,,parjuar,"₹1,499",60% off
45.5 L Laptop Backpack Spacy unisex bag with rain cover...,₹902,,PROVOGUE,"₹5,449",83% off
Small 12 L Backpack DAYPACK Drawstring Backpack Bag Dor...,₹234,,PROVOGUE,₹699,66% off
39.5 L Laptop Backpack Large Laptop Backpack Spacy unis...,₹704,,PROVOGUE,"₹3,999",82% off
Small 10 L Backpack RAGER 10L DAYPACK BLACK,₹489,,SKYBAGS,"₹1,120",56% off
Large 40 L Backpack Colossal,"₹1,379",,Wildcraft,"₹3,099",55% off
Large 35 L Laptop Backpack Medium 35 L Backpack Premium...,₹382,,zikrefast,"₹2,499",84% off
Large 35 L Laptop Backpack Axe Unisex laptop/college/sc...,₹491,,WROGN,"₹2,499",80% off
Medium 30 L Laptop Backpack Backpack For College School...,₹419,,WROGN,"₹2,999",86% off
Medium 30 L Laptop Backpack For College School Travel |...,₹419,,WROGN,"₹2,999",86% off
Large 45 L Laptop Backpack Lightweight waterproof Mount...,₹412,,urban carrier,"₹2,899",85% off
Large 36 L Backpack Bingo Plus 03,"₹1,331",,SKYBAGS,"₹1,998",33% off
Medium 25 L Laptop Backpack Ultra Lightweight,₹369,,BRIVER,"₹1,199",69% off
Small 20 L Backpack SMALL 20 L DAYPACK BAGPACK FOR DAIL...,₹286,,PLEXY,"₹1,499",80% off
Large 45 L Laptop Backpack 45 Liters Waterproof Unisex ...,₹499,,ZEELEX,"₹2,199",77% off
Small 16 L Backpack Carry On,₹232,,Gear,₹498,53% off
Large 35 L Backpack 35L spacy bagpack 4th to 10th class...,₹599,,xfast,"₹1,899",68% off
Medium 22 L Backpack FLEX 22L BACKPACK CABRET,₹939,,SKYBAGS,"₹1,975",52% off
Medium 27 L Backpack Fuse 27L Backpack Deep Water,₹899,,SKYBAGS,"₹2,000",55% off
Large 35 L Laptop Backpack 009 LARGE SPACY UNISEX,₹419,,Aaronic,"₹1,299",67% off
Medium 23 L Backpack Boho 01 With Raincover,"₹1,699",,SKYBAGS,"₹2,800",39% off
Medium 27 L Backpack Fuse 27L Backpack Green,₹899,,SKYBAGS,"₹2,000",55% off
Medium 27 L Backpack GRAF 27L BACKPACK RED,₹849,,SKYBAGS,"₹2,000",57% off
Small 12 L Backpack Small Backpack/School/Travel/Fancy ...,₹255,,MAIZO,₹399,36% off
Medium 24 L Backpack PROTECTOR LP BP BLACK,"₹1,099",,ARISTOCRAT,"₹3,400",67% off
Small 20 L Backpack Poliyester School College Multipurp...,₹332,,Pro Life,"₹1,799",81% off
Small 18 L Backpack Eco 4 Navy Blue Green,₹543,,Gear,"₹1,098",50% off
Medium 30 L Backpack One Spacious Unisex Multpurpose ba...,₹779,,PUMA,"₹2,099",62% off
Medium 30 L Backpack laptop Bag||College Bag||BACKPACK|...,₹381,,HP,"₹1,108",65% off
Large 40 L Laptop Backpack TRAVEL BAG WITH HIP STRAP AN...,₹490,,Sonex,"₹1,993",75% off
Large 45 L Laptop Backpack laptop travel bags school & ...,₹431,,SKY RISE,"₹1,699",74% off
Small 20 L Backpack Poliyester School College Multipurp...,₹339,,Pro Life,"₹1,799",81% off
23.5 L Backpack FIND,₹799,,SAFARI,"₹1,958",59% off
Small 17 L Backpack LIT 17L DAYPACK BLUE,₹699,,SKYBAGS,"₹1,298",46% off
Medium 30 L Backpack One Spacious Unisex Multpurpose ba...,₹789,,PUMA,"₹2,099",62% off
150 L Backpack Multipurpose Large Big Heavy Duty Storag...,₹239,,A G Enterprises,₹599,60% off
Medium 25 L Backpack 25ltr Laptop Backpack Spacy unisex...,₹599,,parjuar,"₹1,499",60% off
Large 35 L Laptop Backpack Medium 35 L Backpack Premium...,₹382,,zikrefast,"₹2,499",84% off
Medium 28 L Backpack BFF,₹728,,SKYBAGS,"₹1,699",57% off
Large 45 L Laptop Backpack ackpack laptop travel bags s...,₹419,,SKY RISE,"₹1,699",75% off
Medium 26 L Backpack JERSEY 26L BLUE BACKPACK,₹609,,SAFARI,"₹1,699",64% off
37.5 L Laptop Backpack Spacy Unisex Bag with rain cover...,₹782,,WROGN,"₹3,999",80% off
Small 12 L Backpack Step Out 12 liters Water Repellent ...,₹419,,Mi,₹499,16% off
Medium 27 L Backpack Fuse 27L Backpack Black,₹899,,SKYBAGS,"₹2,000",55% off
Medium 25 L Laptop Backpack for Office/College/School/T...,₹431,,TRAVEL POINT,"₹2,999",85% off
Large 37 L Backpack Heritage - 3 Compartment Casual Tra...,₹799,,Lunar,"₹1,699",52% off
Large 35 L Backpack DRIP 08 BLACK SCHOOL BACKPACK,"₹1,349",,SKYBAGS,"₹2,100",35% off
Small 18 L Backpack Small Backpack Small Size Bag for D...,₹249,,RB Suffer,₹899,72% off
Small 10 L Backpack RAGER 10L DAYPACK RED,₹469,,SKYBAGS,"₹1,120",58% off
Medium 28 L Backpack DRIFT BACKPACK (E) BLUE,₹949,,ARISTOCRAT,"₹2,600",63% off
Medium 24 L Backpack Campus 8 Backpack,₹634,,Gear,"₹1,299",51% off
Medium 25 L Backpack DAYPACK Bags Backpack for daily us...,₹299,,PROVOGUE,₹899,66% off
Medium 25 L Laptop Backpack Ultra Lightweight,₹369,,BRIVER,"₹1,199",69% off
Medium 30 L Laptop Backpack Medium 30 L Laptop Backpack...,₹649,,GIFFTY,"₹1,999",67% off
Large 34 L Backpack One Spacious Unisex Multpurpose bag...,₹979,,PUMA,"₹2,699",63% off
Small 18 L Backpack Small Backpack Small Size Bag for D...,₹269,,RB Suffer,₹899,70% off
Medium 23 L Backpack Boho 01 With Raincover,"₹1,699",,SKYBAGS,"₹2,800",39% off
Medium 23 L Laptop Backpack Medium Daypack,₹484,,Roadster,"₹1,499",67% off
Large 32 L Backpack Chase 03,"₹1,196",,SKYBAGS,"₹3,600",66% off
Large 40 L Backpack Colossal,"₹1,369",,Wildcraft,"₹3,099",55% off
Large 35 L Backpack 35L spacy bagpack 4th to 10th class...,₹599,,xfast,"₹1,899",68% off
Small 12 L Backpack DAYPACK Drawstring Backpack Bag Dor...,₹234,,PROVOGUE,₹699,66% off
Small 16 L Backpack SUPERIOR BACKPACK,₹395,,Gear,₹899,56% off
18.5 L Backpack Echo Plus,₹899,,PUMA,"₹1,199",25% off
Large 35 L Backpack Comet,₹849,,Lunar,"₹1,699",50% off
Medium 22 L Backpack Create Bp,"₹1,099",,REEBOK,"₹1,299",15% off
Large 34 L Backpack One Spacious Unisex Multpurpose bag...,₹999,,PUMA,"₹2,699",62% off
Medium 27 L Backpack Bounce Backpack,₹634,,Gear,"₹1,799",64% off
Small 12 L Backpack Amari Web Marine Black,₹719,,F GEAR,"₹1,198",39% off
Large 35 L Backpack Polyester 35L Drip Nxt 02 Backpack ...,"₹1,680",,SKYBAGS,"₹2,500",32% off
2.5 L Backpack Plain,₹349,,BEWAKOOF,₹499,30% off
Medium 23 L Backpack Plus Backpack II,₹899,,PUMA,"₹1,465",38% off
23.5 L Backpack FIND,₹799,,SAFARI,"₹1,958",59% off
Medium 25 L Backpack SMALL 25 L DAYPACK BAGPACK FOR DAI...,₹291,,PLEXY,"₹1,599",81% off
Large 33 L Backpack Raider,"₹1,695",,SKYBAGS,"₹2,499",32% off
Medium 25 L Laptop Backpack 25L DAYPACK FOR DAILY TRAVE...,₹299,,Goldstar,"₹1,499",80% off
Medium 25 L Backpack 25ltr Laptop Backpack Spacy unisex...,₹599,,parjuar,"₹1,499",60% off
18.5 L Backpack 7566301,₹899,,PUMA,"₹1,487",39% off
Medium 22 L Backpack Pioneer,₹899,,PUMA,"₹1,199",25% off
Small 10 L Backpack stylish backpack football bag for b...,₹364,,RIGHT CHOICE,"₹1,999",81% off
Medium 26 L Backpack JERSEY 26L BLUE BACKPACK,₹609,,SAFARI,"₹1,699",64% off
Medium 27 L Backpack Fuse 27L Backpack Magnet,₹838,,SKYBAGS,"₹2,000",58% off
Large 31 L Backpack POPIN CASUAL BACKPACK 01 -TEAL,"₹1,249",,AMERICAN TOURISTER,"₹2,590",51% off
Small 20 L Backpack SMALL 20 L DAYPACK BAGPACK FOR DAIL...,₹286,,PLEXY,"₹1,499",80% off
Medium 25 L Laptop Backpack for Office/College/School/T...,₹431,,TRAVEL POINT,"₹2,999",85% off
Large 50 L Backpack Backpack large 50L for Outdoor Spor...,₹498,,sky spirit,"₹2,459",79% off
Large 35 L Laptop Backpack Premium Quality School/Casua...,₹382,,zikrefast,"₹2,499",84% off
Large 35 L Backpack Zest 01,₹919,,ARISTOCRAT,"₹1,850",50% off
Small 10 L Backpack RAGER 10L DAYPACK RED,₹469,,SKYBAGS,"₹1,120",58% off
Large 45 L Laptop Backpack Large 45L Backpack spacy uni...,₹621,,STATUS,"₹3,999",84% off
Medium 24 L Backpack Waterproof DAYPACK Bags Office Bag...,₹494,,GOOD FRIENDS,"₹1,799",72% off
Large 37 L Backpack Heritage - 3 Compartment Casual Tra...,₹799,,Lunar,"₹1,699",52% off
Small 17 L Backpack LIT 17L DAYPACK BLUE,₹699,,SKYBAGS,"₹1,298",46% off
Small 18 L Backpack Dynamic Backpack,₹899,,HP,"₹1,499",40% off
Large 34 L Backpack One Spacious Unisex Multpurpose bag...,₹949,,PUMA,"₹2,699",64% off
Medium 25 L Backpack 25L CASUAL DAYPACK FOR DAILY USES,₹279,,Goldstar,"₹1,499",81% off
Medium 25 L Laptop Backpack Ultra Lightweight,₹369,,BRIVER,"₹1,199",69% off
Medium 28 L Backpack BOUNCE CASUAL,"₹1,199",,AMERICAN TOURISTER,"₹2,180",45% off
Small 10 L Backpack Stylish look Geniouse bag for schoo...,₹359,,RIGHT CHOICE,"₹1,999",82% off
Medium 22 L Backpack 22L Backpack Casual Bag SkyTourist...,₹278,,Fast Fashion,"₹1,999",86% off
Medium 23 L Backpack Boho 01 With Raincover,"₹1,699",,SKYBAGS,"₹2,800",39% off
Medium 25 L Backpack SMALL 25 L DAYPACK BAGPACK FOR DAI...,₹291,,PLEXY,"₹1,499",80% off
Medium 25 L Backpack SMALL 25 L DAYPACK BAGPACK FOR DAI...,₹289,,PLEXY,"₹1,499",80% off
Large 35 L Backpack Polyester 35L Drip Nxt 03 Backpack ...,"₹1,675",,SKYBAGS,"₹2,500",33% off
Large 35 L Backpack 35L spacy bagpack 4th to 10th class...,₹599,,xfast,"₹1,899",68% off
Medium 25 L Backpack UNISEX,₹399,,Safwan,"₹1,199",66% off
Medium 30 L Backpack laptop Bag||College Bag||BACKPACK|...,₹381,,HP,"₹1,108",65% off
Large 35 L Laptop Backpack simna.1378 large 35 L airpor...,₹684,,Flycraft,"₹2,999",77% off
Small 12 L Backpack Amari Web Marine Black,₹719,,F GEAR,"₹1,198",39% off
Medium 25 L Laptop Backpack 25L DAYPACK FOR DAILY TRAVE...,₹299,,Goldstar,"₹1,499",80% off
Large 45 L Laptop Backpack 45 Liters Waterproof Unisex ...,₹499,,ZEELEX,"₹2,199",77% off
Small 18 L Backpack Dynamic Backpack,₹899,,HP,"₹1,499",40% off
23.5 L Backpack FIND,₹799,,SAFARI,"₹1,958",59% off
Medium 28 L Backpack BOUNCE CASUAL,₹789,,AMERICAN TOURISTER,"₹2,180",63% off
Large 36 L Backpack Bingo Plus 01,"₹1,352",,SKYBAGS,"₹1,998",32% off
Large 33 L Laptop Backpack 33L Laptop Backpack Spacy un...,₹349,,PLEXY,"₹1,999",82% off
Medium 25 L Backpack 25ltr Laptop Backpack Spacy unisex...,₹599,,parjuar,"₹1,499",60% off
Large 45 L Backpack FASHION BAG FOR BACKPACK & HIKING M...,₹649,,EZETECH,"₹1,649",60% off
37.5 L Laptop Backpack Spacy Unisex Bag with rain cover...,₹782,,WROGN,"₹3,999",80% off
26.5 L Backpack Hs Ridge Backpack Nl 02 - Blk,₹579,,High Sierra by American Tourister,"₹1,598",63% off
Medium 26 L Backpack JERSEY 26L BLUE BACKPACK,₹609,,SAFARI,"₹1,699",64% off
Small 20 L Backpack SMALL 20 L DAYPACK BAGPACK FOR DAIL...,₹286,,PLEXY,"₹1,499",80% off
Large 35 L Backpack Waterproof Laptop Bag/Backpack for ...,₹765,,NorthZone,"₹1,999",61% off
17.2159 L Backpack Zeal,₹979,,Wildcraft,"₹1,799",45% off
Medium 25 L Laptop Backpack for Office/College/School/T...,₹431,,TRAVEL POINT,"₹2,999",85% off
Medium 25 L Backpack Large Capacity Waterproof Foldable...,₹475,,KINDRED,₹999,52% off
Medium 25 L Backpack DAYPACK Bags Backpack 25L Provogue...,₹272,,familiar,₹999,72% off
Medium 30 L Backpack Seek,"₹1,069",,Wildcraft,"₹2,299",53% off
Small 10 L Backpack RAGER 10L DAYPACK RED,₹469,,SKYBAGS,"₹1,120",58% off
Large 100 L Backpack 100 liters Black New Launch Most P...,"₹1,459",,Ultrafine,"₹3,949",63% off
Large 35 L Backpack Bags For Men & Women | School Backp...,₹509,,Life Today,"₹1,599",68% off
Large 44 L Backpack Wildcraft 44 Ltrs Casual Backpack (...,"₹1,392",,Arrpee,"₹2,000",30% off
Medium 25 L Laptop Backpack Ultra Lightweight,₹369,,BRIVER,"₹1,199",69% off
Medium 25 L Backpack DAYPACK Bags Backpack 25L Provogue...,₹272,,familiar,₹999,72% off
Medium 22 L Backpack HS BROOKS BACKPACK NL 01 - BLK,₹479,,High Sierra by American Tourister,"₹1,198",60% off
Small 15 L Backpack DAYPACK 15 CB CHERRY RED,₹346,,SAFARI,₹799,56% off
Small 17 L Backpack LIT 17L DAYPACK BLUE,₹699,,SKYBAGS,"₹1,298",46% off
Small 10 L Backpack SCHOOL/COLLEGE/OFFICE SMART BACKPAC...,₹299,,Straplt,₹899,66% off
Small 20 L Backpack SMALL 20 L DAYPACK BAGPACK FOR DAIL...,₹286,,PLEXY,"₹1,499",80% off
Medium 26 L Backpack Brute,₹729,,SAFARI,"₹2,599",71% off
Large 35 L Backpack 35L spacy bagpack 4th to 10th class...,₹599,,xfast,"₹1,899",68% off
Large 37 L Backpack Heritage - 3 Compartment Casual Tra...,₹799,,Lunar,"₹1,699",52% off
Small 20 L Backpack Evon Essential Laptop Black Backpac...,"₹1,049",,HP,"₹1,200",12% off
Medium 30 L Backpack Faber,"₹1,339",,Wildcraft,"₹2,999",55% off
Medium 23 L Backpack Boho 01 With Raincover,"₹1,699",,SKYBAGS,"₹2,800",39% off
Small 17 L Backpack Zeal,₹879,,Wildcraft,"₹1,799",51% off
Medium 29 L Backpack Strike 02,"₹1,147",,SKYBAGS,"₹3,100",63% off
Large 35 L Backpack V Line - 3 Compartment College | Sc...,₹799,,Lunar,"₹1,799",55% off
Small 12 L Backpack Amari Web Marine Black,₹719,,F GEAR,"₹1,198",39% off
Small 10 L Backpack eens School Backpack | College/Scho...,₹349,,Cluci,"₹1,199",70% off
Large 44 L Laptop Backpack 44 Laptop backpack outdoor h...,₹359,,SKY RISE,"₹1,699",78% off
Medium 25 L Backpack DAYPACK Bags Backpack 25L Provogue...,₹272,,familiar,₹999,72% off
23.5 L Backpack FIND,₹799,,SAFARI,"₹1,958",59% off
26.5 L Backpack HS RIDGE BACKPACK NL 01 - BLUE,₹739,,High Sierra by American Tourister,"₹1,598",53% off
Large 31 L Backpack Polyester31L Disney Marvel 01 Schoo...,"₹1,990",,SKYBAGS,"₹2,500",20% off
Large 32 L Backpack KEEP IT REAL,₹852,,Gear,"₹1,499",43% off
Medium 25 L Backpack 25ltr Laptop Backpack Spacy unisex...,₹599,,parjuar,"₹1,499",60% off
Large 41 L Laptop Backpack Spacy Unisex Bag with rain c...,₹739,,PROVOGUE,"₹4,499",83% off
18.5 L Backpack PIONEER I I,₹899,,PUMA,"₹1,199",25% off
Large 34 L Backpack One Spacious Unisex Multpurpose bag...,₹959,,PUMA,"₹2,699",64% off
Small 10 L Backpack RAGER 10L DAYPACK BLACK,₹489,,SKYBAGS,"₹1,120",56% off
Medium 26 L Backpack Burner V2,₹899,,F GEAR,"₹1,675",46% off
Small 10 L Laptop Backpack Bts Small 10L Bagpack Of Sch...,₹285,,NEWNOVO,₹999,71% off
Small 20 L Backpack Polyester20L Bonbon Star Backpack M...,₹935,,SKYBAGS,"₹2,050",54% off
Medium 25 L Laptop Backpack for Office/College/School/T...,₹431,,TRAVEL POINT,"₹2,999",85% off
41.5 L Laptop Backpack Spacy Freeride Unisex Bag with r...,₹739,,PROVOGUE,"₹4,499",83% off
Medium 30 L Laptop Backpack Hrithik Roshan Unisex Black...,₹699,,HRX,"₹2,499",72% off
Small 20 L Backpack Entry Level Backpack Black for Up t...,₹404,,HP,₹999,59% off
Medium 30 L Laptop Backpack Backpack For College School...,₹419,,WROGN,"₹2,999",86% off
Large 35 L Backpack Comet 3,₹849,,Lunar,"₹1,699",50% off
Medium 26 L Backpack COSMIC BACKPACK (E) TEAL,₹799,,ARISTOCRAT,"₹2,290",65% off
Small 10 L Backpack college causal bag styish stuff qua...,₹359,,RIGHT CHOICE,"₹1,999",82% off
Medium 25 L Laptop Backpack Ultra Lightweight,₹369,,BRIVER,"₹1,199",69% off
Large 36 L Backpack DRIP NXT 03 WITH DRAWSTRING POUCH B...,"₹1,474",,SKYBAGS,"₹2,500",41% off
Medium 25 L Backpack BOMBER ECO STATEMENT 2C,₹634,,Gear,"₹1,999",68% off
Small 16 L Backpack Small backpack casual daypack -1 co...,₹292,,STOIC,₹799,63% off
Large 35 L Backpack 35L spacy bagpack 4th to 10th class...,₹599,,xfast,"₹1,899",68% off
Large 36 L Laptop Backpack Water Resistant College Scho...,₹539,,GOOD FRIENDS,"₹1,999",73% off
Large 31 L Backpack RIDDLE,"₹1,425",,SKYBAGS,"₹2,398",40% off
37.5 L Laptop Backpack Spacy Unisex Bag with rain cover...,₹705,,WROGN,"₹3,999",82% off
Medium 23 L Backpack Boho 01 With Raincover,"₹1,699",,SKYBAGS,"₹2,800",39% off
Medium 28 L Backpack BOUNCE CASUAL BACKPACK 03 - GREY,"₹1,199",,AMERICAN TOURISTER,"₹2,180",45% off
Large 32 L Backpack Multipurpose Premium Anti-Theft Bac...,₹908,,Emperor,"₹2,100",56% off
Small 15 L Backpack DAYPACK,₹399,,SAFARI,₹799,50% off
Medium 24 L Backpack PROTECTOR LP BP BLACK,"₹1,099",,ARISTOCRAT,"₹3,400",67% off
18.5 L Backpack Echo Plus,₹899,,PUMA,"₹1,199",25% off
Large 36 L Backpack Big Storage bags men :: Casual coll...,₹852,,ZIPLINE,"₹1,899",55% off
Large 40 L Laptop Backpack simna.1553 large 30 L airpor...,₹676,,Flycraft,"₹2,699",74% off
Medium 30 L Backpack laptop Bag||College Bag||BACKPACK|...,₹381,,HP,"₹1,108",65% off
Large 35 L Backpack Comet 4,₹849,,Lunar,"₹1,699",50% off
Large 40 L Laptop Backpack TRENDY TOURISTER RUCKSACK FO...,₹493,,Sonex,"₹1,999",75% off
Small 15 L Backpack BACKPACK HIKKING,₹267,,Straplt,₹699,61% off
Medium 25 L Laptop Backpack for Office/College/School/T...,₹431,,TRAVEL POINT,"₹2,999",85% off
Large 32 L Backpack Cooper backpack with USB charging P...,₹589,,True Human,"₹2,599",77% off
Large 32 L Backpack NEW NEON 07 UNISEX GRAPHIC BACKPACK,"₹1,099",,SKYBAGS,"₹2,398",54% off
Medium 21 L Backpack Sprint Backpack,₹500,,Roadster,"₹1,999",74% off
23.5 L Backpack FIND,₹799,,SAFARI,"₹1,958",59% off
Small 10 L Backpack Bag,₹549,,NSUN QUECHUA,"₹1,599",65% off
Medium 23 L Backpack Boho 01 With Raincover,"₹1,360",,SKYBAGS,"₹3,180",57% off
Small 12 L Backpack Women / Girls Stylish Trendy Colleg...,₹459,,deepify,"₹1,399",67% off
Medium 25 L Backpack 25ltr Laptop Backpack Spacy unisex...,₹599,,parjuar,"₹1,499",60% off
Medium 25 L Laptop Backpack Terror Black bag,₹449,,Flyscape,"₹1,349",66% off
Small 19 L Backpack CAPTAIN AMERICA BAG,₹250,,MhIwood,₹599,58% off
Large 40 L Backpack Alto,₹849,,PAZZO,"₹1,499",43% off
Medium 30 L Laptop Backpack Backpack For College School...,₹419,,WROGN,"₹2,999",86% off
Medium 23 L Backpack Stanza,"₹1,099",,Wildcraft,"₹2,399",54% off
Large 70 L Backpack TRAVEL BACKPACK Hiking Bag Rucksack...,₹899,,Justify,"₹3,998",77% off
Small 10 L Backpack RAGER 10L DAYPACK BLACK,₹489,,SKYBAGS,"₹1,120",56% off
Large 37 L Laptop Backpack Laptop Backpack navy blue ca...,₹576,,Isparro,"₹1,999",71% off
Large 32 L Backpack HI-Storage Black Backpack With Rain...,₹727,,NorthZone,"₹1,599",54% off
"Medium 22 L Backpack Wild-Tourist Bag Use For College, ...",₹379,,ONEGO,"₹1,299",70% off
Large 35 L Backpack Pixel Pro,₹899,,Paul London,"₹2,199",59% off
Medium 25 L Laptop Backpack Ultra Lightweight,₹369,,BRIVER,"₹1,199",69% off
Medium 23 L Backpack Stanza,"₹1,099",,Wildcraft,"₹2,399",54% off
Medium 30 L Laptop Backpack simna.1378/1 black orange s...,₹684,,Flycraft,"₹2,999",77% off
Medium 30 L Laptop Backpack High Quality Backpack Highl...,₹592,,AYZON,"₹2,999",80% off
Large 35 L Backpack 35L spacy bagpack 4th to 10th class...,₹599,,xfast,"₹1,899",68% off
135 L Backpack Executive,"₹1,499",,delivery champ,"₹2,499",40% off
Medium 22 L Backpack ACE DAYPACK - MAGENTA,₹839,,AMERICAN TOURISTER,"₹1,450",42% off
Large 35 L Laptop Backpack Premium Quality School/Casua...,₹382,,zikrefast,"₹2,499",84% off
Medium 23 L Backpack Boho 01 With Raincover,"₹1,699",,SKYBAGS,"₹2,800",39% off
Large 32 L Backpack NEW NEON 17 BLUE 32L BACKPACK,"₹1,699",,SKYBAGS,"₹1,998",14% off
Large 40 L Backpack 40L Casual Trendy Laptop Backpack S...,₹499,,Bluejay,"₹1,299",61% off
Large 35 L Laptop Backpack NS 003,₹725,,NS NEW STYLE,"₹1,999",63% off
Medium 30 L Backpack laptop Bag||College Bag||BACKPACK|...,₹381,,HP,"₹1,108",65% off
Small 20 L Backpack,₹899,,PUMA,"₹1,199",25% off
Large 45 L Laptop Backpack Waterproof Laptop Bag/Backpa...,₹499,,SKY RISE,"₹1,599",68% off
Medium 25 L Backpack Large 36 L Laptop BackpaMedium Bac...,"₹1,699",,SKYBAGS,"₹3,100",45% off
Large 40 L Laptop Backpack Backpack For College School ...,₹599,,Roadster,"₹2,999",80% off
Medium 22 L Backpack Pioneer II,₹899,,PUMA,"₹1,199",25% off
Large 67 L Backpack Maxim,"₹1,049",,delivery champ,"₹1,999",47% off
Large 65 L Backpack Backpack spacy unisex backpack fits...,₹543,,Decent,"₹2,999",81% off
Medium 25 L Laptop Backpack for Office/College/School/T...,₹431,,TRAVEL POINT,"₹2,999",85% off
Small 17 L Backpack Zeal,₹819,,Wildcraft,"₹1,799",54% off
18.5 L Backpack Backpack II,₹899,,PUMA,"₹1,199",25% off
Medium 30 L Backpack Polyester 30L Drip School Backpack...,"₹1,399",,SKYBAGS,"₹2,100",33% off
23.5 L Backpack FIND,₹799,,SAFARI,"₹1,958",59% off
Large 35 L Laptop Backpack HARDROCK Unisex Backpack wit...,₹895,,WROGN,"₹3,499",74% off
18.5 L Backpack PIONEER I I,₹899,,PUMA,"₹1,199",25% off
Small 20 L Laptop Backpack Cute Style Female Student Wa...,₹989,,venomo,"₹1,999",50% off
Medium 25 L Backpack 25ltr Laptop Backpack Spacy unisex...,₹599,,parjuar,"₹1,499",60% off
2.2 L Backpack NA,"₹1,151",,Kook N Keech Marvel,"₹2,399",52% off
Large 31 L Backpack POPIN CASUAL 01 - GREY,"₹1,299",,AMERICAN TOURISTER,"₹2,590",49% off
Medium 28 L Backpack Polyester 28L Drip Plus 09 Backpac...,"₹1,690",,SKYBAGS,"₹2,500",32% off
Small 10 L Backpack RAGER 10L DAYPACK BLACK,₹489,,SKYBAGS,"₹1,120",56% off
Medium 28 L Backpack DRIFT BACKPACK (E) TEAL,₹989,,ARISTOCRAT,"₹2,600",61% off
Large 40 L Laptop Backpack Laptop Backpack For College ...,₹699,,Roadster,"₹2,999",76% off
Large 45 L Laptop Backpack Casual unisex Backpack schoo...,₹499,,LexCorp,"₹1,999",75% off
Medium 30 L Laptop Backpack Backpack For College School...,₹419,,WROGN,"₹2,999",86% off
Small 15 L Backpack Unisex Backpack For School/Office/T...,₹281,,PROVOGUE,"₹1,499",81% off
Small 10 L Backpack SCHOOL/COLLEGE BAGS FOR GIRLS/WOMEN,₹350,,LO4VO,₹999,64% off
18.5 L Backpack Pioneer II,₹899,,PUMA,"₹1,199",25% off
Large 35 L Backpack 35L spacy bagpack 4th to 10th class...,₹599,,xfast,"₹1,899",68% off
Medium 30 L Backpack BACKPACK,₹479,,Luzian,"₹1,999",76% off
17.5 L Backpack Pioneer Backpack II,₹899,,PUMA,"₹1,199",25% off
Large 33 L Laptop Backpack 33L Laptop Backpack Spacy un...,₹349,,PLEXY,"₹1,999",82% off
Medium 25 L Laptop Backpack Ultra Lightweight,₹369,,BRIVER,"₹1,199",69% off
37.5 L Laptop Backpack Spacy Unisex Bag with rain cover...,₹705,,WROGN,"₹3,999",82% off
Small 20 L Backpack (2235) BLACK SKY BLUE WHITE stylish...,₹399,,rightchoice,"₹1,599",75% off
55 L Laptop Backpack Laptop backpack spacy unisex backp...,₹999,,WROGN,"₹3,999",75% off
Medium 23 L Backpack Boho 01 With Raincover,"₹1,699",,SKYBAGS,"₹2,800",39% off
Small 19 L Backpack ECO 4 BACKPACK,₹543,,Gear,"₹1,098",50% off
Large 35 L Backpack Comet,₹849,,Lunar,"₹1,699",50% off
Medium 30 L Laptop Backpack College Bags Fits 15.6' Lap...,₹734,,WomenBuzz,"₹2,999",75% off
Medium 30 L Backpack laptop Bag||College Bag||BACKPACK|...,₹381,,HP,"₹1,108",65% off
Large 35 L Backpack Comet,₹849,,Lunar,"₹1,699",50% off
Small 19 L Backpack Pioneer,₹899,,PUMA,"₹1,199",25% off
Large 33 L Backpack RIDDLE 3,₹999,,SKYBAGS,"₹2,360",57% off
Medium 30 L Laptop Backpack for College/ School/ Travel...,₹699,,Roadster,"₹2,999",76% off
37.5 L Laptop Backpack Spacy Unisex Bag with rain cover...,₹705,,WROGN,"₹3,999",82% off
Large 33 L Laptop Backpack 33L Laptop Backpack Spacy un...,₹349,,PLEXY,"₹1,999",82% off
55 L Laptop Backpack Laptop backpack spacy unisex backp...,₹999,,WROGN,"₹3,999",75% off
Medium 25 L Laptop Backpack for Office/College/School/T...,₹431,,TRAVEL POINT,"₹2,999",85% off
Medium 25 L Backpack BOMBER ECO STATEMENT 2C,₹634,,Gear,"₹1,999",68% off
Small 20 L Backpack (2235) BLACK SKY BLUE WHITE stylish...,₹399,,rightchoice,"₹1,599",75% off
17.5 L Backpack Pioneer Backpack II,₹899,,PUMA,"₹1,199",25% off
23.5 L Backpack FIND,₹799,,SAFARI,"₹1,958",59% off
Medium 30 L Laptop Backpack College Bags Fits 15.6' Lap...,₹734,,WomenBuzz,"₹2,999",75% off
Large 35 L Backpack Comet,₹849,,Lunar,"₹1,699",50% off
Large 31 L Backpack POPIN CASUAL 01 - GREY,"₹1,299",,AMERICAN TOURISTER,"₹2,590",49% off
Medium 25 L Backpack 25ltr Laptop Backpack Spacy unisex...,₹599,,parjuar,"₹1,499",60% off
Large 35 L Backpack Comet,₹849,,Lunar,"₹1,699",50% off
Medium 26 L Backpack Boho 03,"₹1,575",,SKYBAGS,"₹1,920",17% off
Large 34 L Backpack Anti-Theft backpack With USB chargi...,₹749,,Emperor,"₹2,499",70% off
Medium 26 L Backpack JERSEY 26L BLUE BACKPACK,₹609,,SAFARI,"₹1,699",64% off
Large 35 L Backpack 35L spacy bagpack 4th to 10th class...,₹599,,xfast,"₹1,899",68% off
Medium 25 L Laptop Backpack /Backpack for Men Women Boy...,₹449,,Reprox,₹999,55% off
Large 31 L Backpack LIFE SPORTS,₹786,,HRX,"₹1,999",60% off
Small 10 L Backpack RAGER 10L DAYPACK RED,₹469,,SKYBAGS,"₹1,120",58% off
Small 2 L Laptop Backpack dfghbn,₹404,,HP,"₹1,599",74% off
Large 34 L Backpack LEGEND Anti-Theft backpack with USB...,₹717,,Emperor,"₹2,100",65% off
Small 19 L Backpack ECO 4 BACKPACK,₹543,,Gear,"₹1,098",50% off
Medium 25 L Laptop Backpack Ultra Lightweight,₹369,,BRIVER,"₹1,199",69% off
Small 11 L Backpack Galaxy Black Small Outdoor Mini Bac...,₹562,,KILLER,₹999,43% off
Medium 30 L Laptop Backpack MVN03,₹666,,MVNMART,"₹2,100",68% off
Large 31 L Backpack APEX BACKPACK (E) RED,"₹1,239",,ARISTOCRAT,"₹3,500",64% off
Small 17 L Backpack LIT 17L DAYPACK BLUE,₹699,,SKYBAGS,"₹1,298",46% off
Medium 30 L Backpack Polyester 30L Drip School Backpack...,"₹1,399",,SKYBAGS,"₹2,100",33% off
Medium 30 L Backpack BACKPACK,₹479,,Luzian,"₹1,999",76% off
Large 35 L Laptop Backpack Spacy Freeride Unisex Bag wi...,₹819,,WROGN,"₹4,999",83% off
Medium 23 L Backpack Boho 01 With Raincover,"₹1,699",,SKYBAGS,"₹2,800",39% off
41.5 L Laptop Backpack Spacy Freeride unisex bag with r...,₹739,,PROVOGUE,"₹2,999",75% off
Large 45 L Laptop Backpack BP/1200/GREY-BLACK-45L,₹782,,WROGN,"₹4,999",84% off
Large 32 L Backpack Figo 04,"₹1,499",,SKYBAGS,"₹1,998",24% off
Small 12 L Backpack Amari Web Marine Black,₹719,,F GEAR,"₹1,198",39% off
Medium 22 L Backpack Pioneer II,₹899,,PUMA,"₹1,199",25% off
Medium 25 L Laptop Backpack for Office/College/School/T...,₹699,,TRAVEL POINT,"₹2,999",76% off
Small 10 L Laptop Backpack Bts Small 10L Bagpack Of Sch...,₹285,,NEWNOVO,₹999,71% off
Large 40 L Laptop Backpack Backpack For College School ...,₹599,,Roadster,"₹2,999",80% off
Large 45 L Laptop Backpack Unisex Bag with rain cover O...,₹782,,WROGN,"₹4,999",84% off
Medium 26 L Backpack JERSEY 26L BLACK BACKPACK,₹949,,SAFARI,"₹1,699",44% off
Large 35 L Laptop Backpack Axe 4D backpack spacy unisex...,₹549,,WROGN,"₹2,999",81% off
23.5 L Backpack FIND,₹799,,SAFARI,"₹1,958",59% off
Large 35 L Backpack Comet 4,₹849,,Lunar,"₹1,699",50% off
Medium 30 L Laptop Backpack Unisex school bag,₹398,,SINOPACK,"₹1,998",80% off
55 L Backpack Thermal insulated food/swiggy/zomato/ice-...,"₹1,050",,Quaffor,"₹2,499",57% off
Medium 25 L Backpack 25ltr Laptop Backpack Spacy unisex...,₹599,,parjuar,"₹1,499",60% off
Large 40 L Laptop Backpack Spacy Freeride Unisex Bag wi...,₹819,,WROGN,"₹4,999",83% off
Large 45 L Laptop Backpack TRAVEL BAG WITH HIP STRAP AN...,₹497,,Sonex,"₹1,999",75% off
Medium 22 L Backpack IND 1948,₹899,,PUMA,"₹1,199",25% off
Medium 30 L Laptop Backpack Backpack For College School...,₹419,,WROGN,"₹2,999",86% off
Medium 30 L Backpack TWING BACKPACK 03 - TEAL,"₹1,219",,AMERICAN TOURISTER,"₹2,500",51% off
Medium 30 L Backpack One Spacious Unisex Multpurpose ba...,₹779,,PUMA,"₹2,099",62% off
Medium 29 L Backpack Strike 01,"₹1,187",,SKYBAGS,"₹3,100",61% off
Medium 25 L Laptop Backpack for Office/College/School/T...,₹431,,TRAVEL POINT,"₹2,999",85% off
Large 40 L Laptop Backpack simna.1379 airport blue styl...,₹886,,Flycraft,"₹3,199",72% off
Medium 30 L Laptop Backpack Stylish College School and ...,₹470,,heart choice,"₹1,299",63% off
Medium 24 L Backpack 05 Backpack,₹543,,Gear,₹999,45% off
Small 10 L Backpack RAGER 10L DAYPACK BLACK,₹489,,SKYBAGS,"₹1,120",56% off
33.957 L Backpack Hype 1 Backpack,₹849,,Lavie Sport,"₹2,690",68% off
Large 33 L Backpack Larkin Faux Leather,"₹1,649",,F GEAR,"₹3,180",48% off
Medium 25 L Laptop Backpack Men/Women 25L Large Premium...,₹381,,MILLION MOUNT,"₹1,499",74% off
Large 35 L Backpack Comet,₹849,,Lunar,"₹1,699",50% off
Large 35 L Laptop Backpack Laptop Unisex College & Scho...,₹419,,S DESIRE,"₹1,649",74% off
Small 16 L Backpack Leather Accented Canvas,"₹1,161",,The House of Tara,"₹1,949",40% off
Small 17 L Backpack GIGS 17L DAYPACK RED,₹739,,SKYBAGS,"₹1,560",52% off
Medium 25 L Laptop Backpack Ultra Lightweight,₹369,,BRIVER,"₹1,199",69% off
Large 35 L Backpack Solid,₹899,,Paul London,"₹2,399",62% off
Large 32 L Backpack Chase 01,"₹1,206",,SKYBAGS,"₹3,600",66% off
Medium 30 L Backpack Footloose Helix Plus 01,"₹1,132",,SKYBAGS,"₹2,999",62% off
Large 35 L Backpack 35L spacy bagpack 4th to 10th class...,₹599,,xfast,"₹1,899",68% off
35.5 L Laptop Backpack Unisex bag with rain cover Lapto...,₹739,,PROVOGUE,"₹3,499",78% off
Large 75 L Backpack Traveling Backpack For Outdoor Hike...,₹483,,urban carrier,"₹2,899",83% off
18.5 L Backpack 756631,₹899,,PUMA,"₹1,199",25% off
Medium 23 L Backpack Boho 01 With Raincover,"₹1,699",,SKYBAGS,"₹2,800",39% off
Large 35 L Backpack Comet 4,₹849,,Lunar,"₹1,699",50% off
Large 75 L Laptop Backpack Selaxo_Travel_or_Tour_Backpa...,₹589,,SELAXO,"₹2,399",75% off
Large 36 L Backpack Big Storage bags men :: Casual coll...,₹852,,ZIPLINE,"₹1,899",55% off
Medium 30 L Backpack laptop Bag||College Bag||BACKPACK|...,₹381,,HP,"₹1,108",65% off
Large 36 L Backpack DRIP 02 SCHOOL BACKPACK RED 36 L,"₹1,699",,SKYBAGS,"₹2,100",19% off
Small 10 L Backpack men bags stylish latest designer fo...,₹359,,RIGHT CHOICE,"₹1,499",76% off
27.5 L Backpack Wiki Girl-2,"₹2,249",,Wildcraft,,
Medium 25 L Laptop Backpack for Office/College/School/T...,₹431,,TRAVEL POINT,"₹2,999",85% off
Small 12 L Backpack Jupiter Navy Small Outdoor Mini Bac...,₹589,,KILLER,₹999,41% off
Small 10 L Backpack Polyester 10L Offroader 03 Biking D...,"₹1,440",,SKYBAGS,"₹1,800",20% off
Large 35 L Laptop Backpack Laptop Backpack Spacy unisex...,₹594,,GOLD SKY,"₹2,999",80% off
23.5 L Backpack FIND,₹799,,SAFARI,"₹1,958",59% off
"Large 90 L Backpack Unisex Black,red Printed 90 Litres ...",₹615,,Modern Style,"₹2,699",77% off
Large 36 L Backpack DRIP 08 BLACK,"₹1,396",,SKYBAGS,"₹2,100",33% off
Large 35 L Laptop Backpack Large 35L Laptop Backpack Sp...,₹797,,WomenBuzz,"₹2,499",68% off
Medium 25 L Backpack 25ltr Laptop Backpack Spacy unisex...,₹599,,parjuar,"₹1,499",60% off
Medium 26 L Backpack Tommy Backpack,₹573,,Roadster,"₹1,799",68% off
Large 31 L Backpack Bridger,"₹2,729",,TOMMY HILFIGER,"₹3,899",30% off
Large 40 L Laptop Backpack Laptop Backpack For College ...,₹699,,Roadster,"₹2,999",76% off
Medium 30 L Laptop Backpack Backpack For College School...,₹419,,WROGN,"₹2,999",86% off
Medium 26 L Backpack Boho 03,₹899,,SKYBAGS,"₹1,920",53% off
Large 50 L Backpack High Quality 50L Travel Backpack Ba...,"₹1,199",,PAZZO,"₹2,499",52% off
Large 36 L Backpack Adios V2,"₹1,149",,F GEAR,"₹1,850",37% off
Small 10 L Backpack RAGER 10L DAYPACK BLACK,₹489,,SKYBAGS,"₹1,120",56% off
Large 34 L Backpack FIGO PLUS 04 BACKPACK BLUE,"₹1,670",,SKYBAGS,"₹1,990",16% off
Medium 30 L Backpack SPACIOUS 30 L 3 COMPARTMENT BACKPA...,₹937,,ARISTOCRAT,"₹2,850",67% off
Large 35 L Laptop Backpack Chemistry Bottle Laptop Back...,₹767,,NASHER MILES,"₹2,999",74% off
Large 35 L Backpack 35L spacy bagpack 4th to 10th class...,₹599,,xfast,"₹1,899",68% off
Large 45 L Laptop Backpack Waterproof Laptop Bag/Backpa...,₹499,,SKY RISE,"₹1,599",68% off
Large 35 L Laptop Backpack SEEK unisex backpack with Ra...,"₹1,112",,Roadster,"₹3,999",72% off
Large 35 L Backpack Bravo RC Contour ShdedSpruc,"₹1,499",,Wildcraft,,
Medium 25 L Laptop Backpack Ultra Lightweight,₹369,,BRIVER,"₹1,199",69% off
Medium 29 L Laptop Backpack unisex laptop backpack casu...,₹449,,Flyscape,"₹2,299",80% off
Large 38 L Backpack YURI2,"₹1,029",,ARISTOCRAT,"₹2,200",53% off
Large 34 L Backpack Large Backpack HD Cuzy Polyester Se...,"₹1,489",,AMERICAN TOURISTER,"₹2,100",29% off
Medium 23 L Backpack Boho 01 With Raincover,"₹1,699",,SKYBAGS,"₹2,800",39% off
Small 20 L Backpack Backpack (2101 RED) stylish tuff qu...,₹499,,RIGHT CHOICE,"₹1,799",72% off
Large 34 L Backpack One Spacious Unisex Multpurpose bag...,₹999,,PUMA,"₹2,699",62% off
Large 38 L Backpack Yuri1,"₹1,299",,ARISTOCRAT,"₹2,200",40% off
Medium 24 L Backpack PROTECTOR LP BP BLACK,"₹1,099",,ARISTOCRAT,"₹3,400",67% off
Large 35 L Laptop Backpack Large 35L Laptop Backpack Sp...,₹603,,WomenBuzz,"₹2,499",75% off
Small 12 L Laptop Backpack Leatherette RG,₹598,,Sn Louis,"₹2,199",72% off
Medium 21 L Backpack Crew Backpack,₹489,,Roadster,"₹1,199",59% off
Medium 30 L Backpack laptop Bag||College Bag||BACKPACK|...,₹381,,HP,"₹1,108",65% off
Small 20 L Backpack Backpack Purse for Women Large Capa...,₹899,,CRAFTIFY,"₹1,499",40% off
Large 45 L Laptop Backpack Laptop Backpack With Rain Co...,₹701,,Zine zone,"₹1,399",49% off
Medium 30 L Laptop Backpack Medium 30 L Laptop Unisex B...,₹494,,BohoBuzz,"₹1,599",69% off
Medium 25 L Laptop Backpack for Office/College/School/T...,₹431,,TRAVEL POINT,"₹2,999",85% off
Large 35 L Laptop Backpack Premium Quality School/Casua...,₹295,,selvee,"₹1,399",78% off
22.8 L Laptop Backpack Unisex Fluorescent Green Colourb...,"₹1,025",,HRX,"₹1,799",43% off
Large 35 L Laptop Backpack 02 Backpack-Blue,₹999,,MATIN Life,"₹1,099",9% off
23.5 L Backpack FIND,₹799,,SAFARI,"₹1,958",59% off
"Small 20 L Laptop Backpack Casual Travel,College Backpa...",₹719,,DONICY,"₹1,999",64% off
Medium 30 L Backpack Credit Lavender Navy,₹736,,F GEAR,"₹1,798",59% off
Large 33 L Backpack Larkin,"₹1,649",,F GEAR,"₹2,780",40% off
Medium 25 L Backpack 25ltr Laptop Backpack Spacy unisex...,₹599,,parjuar,"₹1,499",60% off
Large 32 L Backpack Footloose Viber 02,₹979,,SKYBAGS,"₹3,499",72% off
Large 40 L Laptop Backpack Laptop Backpack For College ...,₹699,,Roadster,"₹2,999",76% off
Large 35 L Laptop Backpack SEEK unisex backpack with Ra...,"₹1,103",,Roadster,"₹3,999",72% off
Medium 30 L Laptop Backpack Backpack For College School...,₹419,,WROGN,"₹2,999",86% off
Large 34 L Backpack Cortez,"₹3,374",,TOMMY HILFIGER,"₹4,499",25% off
18.5 L Backpack PIONEER I I,₹899,,PUMA,"₹1,199",25% off
Medium 25 L Backpack Large Capacity Waterproof Foldable...,₹475,,KINDRED,₹999,52% off
Small 10 L Backpack RAGER 10L DAYPACK BLACK,₹489,,SKYBAGS,"₹1,120",56% off
Large 35 L Laptop Backpack 16 inch Laptop Backpack/offi...,₹545,,faster,"₹2,000",72% off
Large 35 L Backpack Blaze RC Wldcrft Blue,"₹1,699",,Wildcraft,,
Large 50 L Laptop Backpack Reverse 250,₹599,,Keywin,"₹1,599",62% off
Large 35 L Backpack 35L spacy bagpack 4th to 10th class...,₹599,,xfast,"₹1,899",68% off
35.2 L Laptop Backpack Unisex Bag with rain cover Offic...,₹774,,PROVOGUE,"₹4,999",84% off
Medium 30 L Backpack New Neon 14,"₹1,100",,SKYBAGS,"₹1,998",44% off
Large 38 L Backpack Tint,"₹1,396",,SAFARI,"₹3,399",58% off
Medium 25 L Laptop Backpack Ultra Lightweight,₹369,,BRIVER,"₹1,199",69% off
Large 35 L Laptop Backpack Large Laptop Backpack with R...,₹799,,Louis Craft,"₹2,999",73% off
Medium 30 L Laptop Backpack Casual Vegan Leather 15.6 i...,₹770,,YESJUDAN,"₹1,299",40% off
Small 5 L Laptop Backpack Multicolour Himalayan Hemp Ba...,₹699,,Ashish Product,₹999,30% off
Medium 23 L Backpack Boho 01 With Raincover,"₹1,699",,SKYBAGS,"₹2,800",39% off
Large 35 L Laptop Backpack For College School Travel Of...,₹799,,Roadster,"₹2,999",73% off
Medium 22 L Backpack Multilevel Organizer,₹436,,365Day,"₹1,099",60% off
Medium 25 L Backpack Brat 8 BLUE,₹999,,SKYBAGS,"₹2,010",50% off
Medium 30 L Backpack laptop Bag||College Bag||BACKPACK|...,₹381,,HP,"₹1,108",65% off
Large 33 L Backpack makeba BP,"₹1,749",,REEBOK,"₹2,299",23% off
Medium 27 L Backpack Axe,"₹1,249",,F GEAR,"₹1,850",32% off
Medium 25 L Backpack SPTN-858,₹409,,DRAZO,"₹1,299",68% off
Large 40 L Laptop Backpack Backpack For College School ...,₹599,,Roadster,"₹2,999",80% off
Medium 30 L Laptop Backpack Backpack College bag School...,₹439,,PERFECT STAR,"₹1,999",78% off
Medium 25 L Backpack Large Capacity Waterproof Foldable...,₹475,,KINDRED,₹999,52% off
Medium 26 L Backpack Climber Military/Army 26 L Day-pac...,"₹1,299",,AdventIQ,"₹2,499",48% off
Medium 25 L Laptop Backpack for Office/College/School/T...,₹431,,TRAVEL POINT,"₹2,999",85% off
Medium 21 L Backpack Campus Camo Backpack,₹494,,Roadster,₹999,50% off
Large 35 L Backpack Comet 3,₹849,,Lunar,"₹1,699",50% off
Large 35 L Laptop Backpack simn.1552/2 red green office...,₹690,,Flycraft,"₹2,699",74% off
23.5 L Backpack FIND,₹799,,SAFARI,"₹1,958",59% off
35.2 L Laptop Backpack Unisex Bag with rain cover Offic...,₹774,,PROVOGUE,"₹4,999",84% off
Small 20 L Backpack Hiking Bag | Waterproof Backpack | ...,"₹1,149",,QUEACHUA,"₹1,299",11% off
Large 45 L Laptop Backpack Large 45L Backpack spacy uni...,₹660,,STATUS,"₹3,999",83% off
Medium 25 L Backpack 25ltr Laptop Backpack Spacy unisex...,₹599,,parjuar,"₹1,499",60% off
Medium 24 L Laptop Backpack ALASKA,"₹1,559",,TOMMY HILFIGER,"₹2,599",40% off
Large 75 L Laptop Backpack Selaxo_Travel_or_Tour_Backpa...,₹589,,SELAXO,"₹2,399",75% off
Large 34 L Backpack HD Cuzy Polyester Sest+ 03 black un...,"₹1,795",,AMERICAN TOURISTER,"₹2,100",14% off
Medium 26 L Backpack JERSEY 26L BLUE BACKPACK,₹609,,SAFARI,"₹1,699",64% off
Large 35 L Laptop Backpack Large Laptop Backpack with R...,₹799,,Louis Craft,"₹2,999",73% off
Small 10 L Backpack Polyester 10L Offroader 01 Biking D...,"₹1,440",,SKYBAGS,"₹1,800",20% off
Large 35 L Laptop Backpack Casual Waterproof Laptop Bag...,₹399,,alico,"₹1,599",75% off
Small 10 L Backpack RAGER 10L DAYPACK RED,₹469,,SKYBAGS,"₹1,120",58% off
Large 32 L Backpack Chase 02,"₹1,399",,SKYBAGS,"₹3,600",61% off
Small 19 L Laptop Backpack 823F-Brown,"₹1,090",,PB- Pearl,"₹1,649",33% off
Medium 25 L Backpack 25L CASUAL DAYPACK NEEDY TIED,₹265,,PLEXY,"₹1,499",82% off
Large 35 L Backpack 35L spacy bagpack 4th to 10th class...,₹599,,xfast,"₹1,899",68% off
55 L Backpack Thermal insulated food/swiggy/zomato/ice-...,"₹1,050",,Quaffor,"₹2,499",57% off
Large 36 L Backpack DRIP PRO 01 BLUE BACKPACK,"₹2,204",,SKYBAGS,"₹2,900",24% off
Large 40 L Laptop Backpack Modern Travel/College Backpa...,"₹1,553",,Dhariwal,"₹2,080",25% off
Medium 25 L Laptop Backpack Ultra Lightweight,₹369,,BRIVER,"₹1,199",69% off
Large 32 L Backpack URBANSCAPE LAPTOP BACKPACK BLACK,"₹1,199",,ARISTOCRAT,"₹2,600",53% off
Large 41 L Backpack Folding Travel Bag Lightweight Wate...,₹529,,KRISHNA,₹999,47% off
Large 60 L Backpack Large 60L School Bag Casual Bag Day...,₹649,,fellow,"₹2,999",78% off
Small 17 L Backpack LIT 17L DAYPACK BLUE,₹699,,SKYBAGS,"₹1,298",46% off
Small 20 L Backpack Reflector Polyester School College ...,₹549,,Your Choice,₹999,45% off
Small 17 L Backpack 1700EBP1 School Bag 3x more water r...,"₹1,000",,Uppercase,"₹1,500",33% off
Large 36 L Backpack BINGO PLUS 36L BACKPACK (BLUE),"₹1,499",,SKYBAGS,"₹1,998",24% off
Medium 23 L Backpack Boho 01 With Raincover,"₹1,699",,SKYBAGS,"₹2,800",39% off
Large 38 L Backpack Tint,"₹1,485",,SAFARI,"₹3,399",56% off
Large 35 L Laptop Backpack LP-BK-012,₹635,,myle,"₹2,999",78% off
Large 45 L Laptop Backpack Casual unisex Backpack schoo...,₹499,,LexCorp,"₹1,999",75% off
Medium 24 L Backpack PROTECTOR LP BP BLACK,"₹1,099",,ARISTOCRAT,"₹3,400",67% off
Large 40 L Backpack Magma,₹899,,delivery champ,"₹1,499",40% off
Medium 21 L Backpack Crew Backpack,₹489,,Roadster,"₹1,199",59% off
Large 32 L Backpack Casual Denim/Jeans School Bag For M...,₹799,,DZIRE,"₹1,599",50% off
Medium 25 L Laptop Backpack for Office/College/School/T...,₹431,,TRAVEL POINT,"₹2,999",85% off
Large 39 L Backpack Strapper,"₹1,489",,SAFARI,"₹2,061",27% off
Medium 30 L Backpack Polyester 30L Bean Backpack Navy B...,"₹1,149",,ARISTOCRAT,"₹2,850",59% off
Large 35 L Laptop Backpack Large Laptop Backpack with R...,₹799,,Louis Craft,"₹2,999",73% off
23.5 L Backpack FIND,₹799,,SAFARI,"₹1,958",59% off
Small 5 L Laptop Backpack Pure Hemp Bag,₹899,,yuvika handicraft,"₹1,999",55% off
Large 33 L Backpack RIDDLE 2,₹979,,SKYBAGS,"₹2,198",55% off
Medium 30 L Backpack Tint,"₹1,379",,SAFARI,"₹3,399",59% off
Medium 25 L Backpack 25ltr Laptop Backpack Spacy unisex...,₹599,,parjuar,"₹1,499",60% off
Large 45 L Laptop Backpack SCHOOL/COLLEGE/OFFICE/BUSINE...,₹649,,D.V TECH,"₹1,499",56% off
Medium 30 L Backpack backpack college bags Combo,₹944,,GOOD FRIENDS,"₹2,499",62% off
17.5 L Backpack Pioneer Backpack II,₹899,,PUMA,"₹1,199",25% off
Small 10 L Backpack RAGER 10L DAYPACK BLACK,₹489,,SKYBAGS,"₹1,120",56% off
Large 75 L Backpack Traveling Backpack For Outdoor Hike...,₹478,,urban carrier,"₹2,899",83% off
Medium 26 L Backpack COSMIC BACKPACK (E) LIGHT BLUE,₹819,,ARISTOCRAT,"₹2,290",64% off
Small 0 L Backpack HEMP BAG,₹799,,LONGING TO BUY,"₹1,295",38% off
Medium 30 L Laptop Backpack Backpack For College School...,₹419,,WROGN,"₹2,999",86% off
Small 12 L Backpack Charm,₹299,,Chevin,₹499,40% off
Large 35 L Backpack Quad 02 Deep Red New Model 2023,"₹1,599",,AMERICAN TOURISTER,"₹2,100",23% off
Large 70 L Backpack 70 Ltr Trekking Bag Hiking Backpack...,₹899,,Justify,"₹3,999",77% off
Large 37 L Laptop Backpack Laptop Backpack navy blue ca...,₹576,,Isparro,"₹1,999",71% off
Large 39 L Laptop Backpack Spacy Hybrid Anti-Theft Lapt...,₹715,,ProArch,"₹2,899",75% off
Large 34 L Backpack One Spacious Unisex Multpurpose bag...,₹939,,PUMA,"₹2,699",65% off
Large 34 L Backpack Reed2,"₹1,082",,ARISTOCRAT,"₹2,250",51% off
Large 35 L Backpack 35L spacy bagpack 4th to 10th class...,₹599,,xfast,"₹1,899",68% off
Medium 21 L Backpack Campus Camo Backpack,₹494,,Roadster,₹999,50% off
Small 19 L Backpack Go-Getter,"₹1,385",,The House of Tara,"₹2,249",38% off
Medium 30 L Backpack comfortable 4th to 10th class scho...,₹549,,Luckey,"₹1,999",72% off
Medium 25 L Laptop Backpack Ultra Lightweight,₹369,,BRIVER,"₹1,199",69% off
Small 20 L Laptop Backpack WOMEN'S FASHION MULTIPURPOSE...,₹845,,PALSHIV,"₹1,999",57% off
Large 32 L Backpack NEW NEON 16 SEA GREEN 32L BACKPACK,"₹1,375",,SKYBAGS,"₹1,998",31% off
Medium 25 L Backpack 114114,₹650,,Zwart,"₹1,700",61% off
Medium 23 L Backpack Boho 01 With Raincover,"₹1,699",,SKYBAGS,"₹2,800",39% off
Small 15 L Backpack Uno,₹878,,SKYBAGS,"₹1,098",20% off
Large 40 L Laptop Backpack 40L Medium Size Super Duper ...,₹909,,Laina,"₹3,779",75% off
Large 65 L Laptop Backpack Backpack Travel Laptop Backp...,₹572,,SK Fancy Luggage,"₹2,499",77% off
Medium 24 L Backpack PROTECTOR LP BP BLACK,"₹1,099",,ARISTOCRAT,"₹3,400",67% off
Medium 27 L Backpack Unisex Designer 15.6 Waterproof La...,₹473,,SEEBA,"₹1,549",69% off
Medium 30 L Laptop Backpack Casual Vegan Leather 15.6 i...,₹770,,YESJUDAN,"₹1,299",40% off
Large 50 L Backpack High Quality 50L Travel Backpack Ba...,"₹1,199",,PAZZO,"₹2,499",52% off
Medium 25 L Laptop Backpack for Office/College/School/T...,₹431,,TRAVEL POINT,"₹2,999",85% off
Large 33 L Backpack Polyester 33L Drip Pro Backpack Lig...,"₹2,320",,SKYBAGS,"₹2,900",20% off
Small 12 L Backpack Zulu 01 Backpack Matte Black,"₹1,749",,VIP,"₹4,299",59% off
Large 34 L Backpack One Spacious Unisex Multpurpose bag...,₹939,,PUMA,"₹2,699",65% off
23.5 L Backpack FIND,₹799,,SAFARI,"₹1,958",59% off
27.5 L Backpack Wiki Girl-2,"₹2,249",,Wildcraft,,
Medium 22 L Backpack Multilevel Organizer,₹414,,365Day,"₹1,099",62% off
Medium 30 L Laptop Backpack BagCombo_1643,"₹1,010",,Fast Fashion,"₹2,499",59% off
Medium 25 L Backpack 25ltr Laptop Backpack Spacy unisex...,₹599,,parjuar,"₹1,499",60% off
Large 75 L Backpack Traveling Backpack For Outdoor Hike...,₹478,,urban carrier,"₹2,899",83% off
Large 35 L Backpack Quad 02 Deep Red New Model 2023,"₹1,599",,AMERICAN TOURISTER,"₹2,100",23% off
Small 16 L Laptop Backpack Backpack For Tourist Laptop ...,₹599,,CRAFTEE,"₹1,299",53% off
Medium 26 L Backpack JERSEY 26L BLUE BACKPACK,₹609,,SAFARI,"₹1,699",64% off
Medium 23 L Backpack Apex Backpack IND,"₹2,399",,PUMA,"₹2,999",20% off
Medium 30 L Laptop Backpack 15.6 inch Laptop Bag / Back...,"₹1,249",,Xpoirva,"₹2,299",45% off
Small 10 L Backpack JGBPMD30,₹448,,JG Shoppe,"₹1,600",72% off
Small 10 L Backpack RAGER 10L DAYPACK RED,₹469,,SKYBAGS,"₹1,120",58% off
Large 70 L Backpack 70 Ltr Trekking Bag Hiking Backpack...,₹899,,Justify,"₹3,999",77% off
Large 35 L Laptop Backpack 16 inch Laptop Backpack/offi...,₹545,,faster,"₹2,000",72% off
Medium 24 L Backpack SB-106,"₹1,999",,FB FASHION,"₹2,190",8% off
Medium 25 L Laptop Backpack Ultra Lightweight,₹369,,BRIVER,"₹1,199",69% off
Small 10 L Backpack PULSE 2.0,₹549,,NIVIA,₹575,4% off
Medium 29 L Backpack Military Tactical Marpat WL Digita...,"₹1,799",,F GEAR,"₹3,180",43% off
Large 34 L Backpack Cortez,"₹3,374",,TOMMY HILFIGER,"₹4,499",25% off
Large 35 L Backpack 35L spacy bagpack 4th to 10th class...,₹599,,xfast,"₹1,899",68% off
Large 35 L Laptop Backpack SSL_B&G_N.CHAIN,₹429,,MEGHA,₹799,46% off
Large 32 L Backpack Polyester 32L Epic Backpack Red For...,"₹1,190",,ARISTOCRAT,"₹3,600",66% off
Large 32 L Backpack NEW NEON 16 SEA GREEN 32L BACKPACK,"₹1,375",,SKYBAGS,"₹1,998",31% off
Medium 23 L Backpack Boho 01 With Raincover,"₹1,699",,SKYBAGS,"₹2,800",39% off
Large 35 L Backpack 35L spacy comfortable 4th to 10th c...,₹549,,xfast,"₹1,899",71% off
Medium 30 L Backpack Raider Marpet Navy Digital camo,"₹1,299",,F GEAR,"₹1,980",34% off
Small 20 L Backpack ACE DAYPACK 02 - BLUE,₹799,,AMERICAN TOURISTER,"₹1,450",44% off
Small 17 L Backpack LIT 17L DAYPACK BLUE,₹699,,SKYBAGS,"₹1,298",46% off
Small 18 L Backpack AMT BELLA PLUS GREEN MULTI 02 BACKP...,"₹1,855",,AMERICAN TOURISTER,"₹2,062",10% off
Large 32 L Backpack Cooper backpack with USB charging P...,₹699,,CAPTAIN FOX,"₹2,499",72% off
Large 40 L Laptop Backpack 40L Medium Size Super Duper ...,₹909,,Laina,"₹3,779",75% off
Small 12 L Backpack Amari Web Marine Black,₹719,,F GEAR,"₹1,198",39% off
Medium 30 L Laptop Backpack Polyester 30L Pulse Lp Back...,"₹1,599",,ARISTOCRAT,"₹3,240",50% off
Large 35 L Backpack Backpacks School bag College & Trav...,₹445,,PERFECT STAR,"₹2,499",82% off
Large 65 L Backpack Backpack spacy unisex backpack fits...,₹544,,Decent,"₹2,999",81% off
23.5 L Backpack FIND,₹799,,SAFARI,"₹1,958",59% off
Large 45 L Backpack Prime Insulated Meal Delivery Bag (...,"₹1,795",,Triage,"₹2,295",21% off
Large 33 L Laptop Backpack Bags,"₹1,126",,REEBOK,"₹2,299",51% off
Large 33 L Laptop Backpack Bags,"₹1,126",,REEBOK,"₹2,299",51% off
Medium 25 L Backpack 25ltr Laptop Backpack Spacy unisex...,₹599,,parjuar,"₹1,499",60% off
Medium 26 L Backpack TWING BACKPACK 02 - RED,₹829,,AMERICAN TOURISTER,"₹2,500",66% off
Large 38 L Laptop Backpack Casual Laptop Bag Backpack f...,₹629,,Krishiv,"₹1,599",60% off
Large 40 L Backpack 414107,₹800,,Zwart,"₹1,800",55% off
Small 10 L Backpack RAGER 10L DAYPACK BLACK,₹489,,SKYBAGS,"₹1,120",56% off
Medium 22 L Laptop Backpack Bags,₹881,,REEBOK,"₹1,799",51% off
Medium 26 L Backpack Paladin,₹599,,F GEAR,"₹1,398",57% off
Medium 22 L Laptop Backpack Backpack,"₹3,999",,REEBOK,,
Medium 30 L Laptop Backpack Backpack For College School...,₹419,,WROGN,"₹2,999",86% off
Large 75 L Laptop Backpack backpack-SB1,₹819,,SELAXO,"₹2,399",65% off
Large 39 L Laptop Backpack Spacy Hybrid Anti-Theft Lapt...,₹805,,WomenBuzz,"₹2,499",67% off
Medium 23 L Laptop Backpack Unisex Navy Blue Solid Life...,"₹1,099",,HRX,"₹1,999",45% off
Medium 25 L Laptop Backpack for Office/College/School/T...,₹431,,TRAVEL POINT,"₹2,999",85% off
Large 65 L Laptop Backpack TREKKING BAGS,₹634,,ns creative,"₹2,399",73% off
Medium 30 L Laptop Backpack Laptop bags | office bags |...,"₹1,189",,HI-SPEED,"₹2,050",42% off
Large 31 L Backpack Emperor 31L Women Backpack/Suitcase...,"₹6,305",,EUME,"₹9,699",34% off
Large 35 L Backpack 35L spacy bagpack 4th to 10th class...,₹599,,xfast,"₹1,899",68% off
31.5 L Backpack Wiki-2,"₹1,949",,Wildcraft,,
Medium 25 L Backpack KASTER-SWIRL,₹674,,Zwart,"₹1,800",62% off
Large 50 L Backpack Trekking Travel trendy Rucksack bag...,₹534,,TANAUM,"₹1,499",64% off
Medium 25 L Laptop Backpack Ultra Lightweight,₹369,,BRIVER,"₹1,199",69% off
Medium 26 L Backpack Conviction,"₹1,139",,NIVIA,"₹1,265",9% off
Medium 23 L Backpack WRGN-BP-BMLT37,₹659,,WROGN,"₹1,399",52% off
Small 13 L Backpack Unisex Black Graphic Print Small Ba...,₹599,,BEWAKOOF,"₹1,499",60% off
Medium 23 L Backpack Boho 01 With Raincover,"₹1,699",,SKYBAGS,"₹2,800",39% off
Small 18 L Backpack 2908045,₹899,,PUMA,"₹1,199",25% off
Large 45 L Laptop Backpack Large 45 L Laptop Backpack L...,₹602,,wildsy,"₹2,999",79% off
Large 50 L Backpack Traking Travel Bags,₹524,,TANAUM,"₹1,499",65% off
Medium 30 L Backpack laptop Bag||College Bag||BACKPACK|...,₹381,,HP,"₹1,108",65% off
Large 35 L Backpack V Line - 3 Compartment College | Sc...,₹799,,Lunar,"₹1,799",55% off
Large 32 L Backpack Multipurpose Anti-Theft backpack Wi...,₹599,,CAPTAIN FOX,"₹2,100",71% off
Small 17 L Backpack RAGER 03,₹589,,SKYBAGS,"₹1,298",54% off
Large 40 L Laptop Backpack Backpack For College School ...,₹599,,Roadster,"₹2,999",80% off
Large 65 L Backpack Backpack spacy unisex backpack fits...,₹544,,Decent,"₹2,999",81% off
Large 75 L Laptop Backpack backpack-SB1,₹819,,SELAXO,"₹2,399",65% off
Medium 30 L Laptop Backpack BagCombo_1649,"₹1,020",,Fast Fashion,"₹2,499",59% off
Medium 22 L Laptop Backpack Backpack,"₹3,999",,REEBOK,,
9.6 L Backpack Astro Waxed Canvas Leather Backpack,"₹2,859",,Walletsnbags,"₹3,599",20% off
Large 50 L Backpack Trekking Travel trendy Rucksack bag...,₹534,,TANAUM,"₹1,499",64% off
Small 10 L Backpack Stylish Casual School,₹329,,Tracker,₹799,58% off
Medium 30 L Laptop Backpack Polyester 30L Pulse Lp Back...,"₹1,599",,ARISTOCRAT,"₹3,240",50% off
Large 35 L Backpack Altitude Black Casual Backpack 35 L,₹499,,Stony Brook by Nasher Miles,"₹2,599",80% off
Large 40 L Laptop Backpack Modern Travel/College Backpa...,"₹1,553",,Dhariwal,"₹2,080",25% off
Small 19 L Backpack CAPTAIN AMERICA BAG,₹329,,MhIwood,₹599,45% off
130 L Backpack XL Logistics Grocery and Courier Deliver...,"₹1,845",,Triage,"₹2,495",26% off
Large 50 L Backpack Traking Travel Bags,₹524,,TANAUM,"₹1,499",65% off
Large 31 L Backpack WIKI PACK 3 Jacq Red,"₹1,847",,Wildcraft,"₹2,099",12% off
Large 35 L Backpack V Line - 3 Compartment College | Sc...,₹799,,Lunar,"₹1,799",55% off
Medium 25 L Backpack KASTER-SWIRL,₹674,,Zwart,"₹1,800",62% off
Large 33 L Laptop Backpack Bags,"₹1,126",,REEBOK,"₹2,299",51% off
Large 32 L Backpack Multipurpose Anti-Theft backpack Wi...,₹599,,CAPTAIN FOX,"₹2,100",71% off
Large 45 L Laptop Backpack Large 45L Backpack spacy uni...,₹665,,STATUS,"₹3,999",83% off
Small 17 L Backpack RAGER 03,₹589,,SKYBAGS,"₹1,298",54% off
Small 12 L Backpack Small Bag for Daily Use 1 Main Comp...,₹299,,HMFURRYS FINEST,₹499,40% off
Medium 23 L Backpack Canvas,"₹1,114",,The House of Tara,"₹1,699",34% off
Medium 30 L Backpack BCKPCK 3,"₹1,499",,Wildcraft,,
35.2 L Laptop Backpack Unisex Bag with rain cover Offic...,₹774,,PROVOGUE,"₹4,999",84% off
Medium 23 L Backpack WRGN-BP-BMLT37,₹659,,WROGN,"₹1,399",52% off
Large 32 L Backpack BCKPCK 4,"₹1,189",,Wildcraft,"₹1,699",30% off
Medium 25 L Backpack SMALL 25 L DAYPACK BAGPACK FOR DAI...,₹291,,PLEXY,"₹1,499",80% off
Medium 25 L Backpack Dry Bags Waterproof Compact 25L PV...,"₹1,799",,Vivity,"₹3,999",55% off
Large 35 L Laptop Backpack 009 LARGE SPACY UNISEX,₹419,,Aaronic,"₹1,299",67% off
Large 45 L Backpack 45LTravel Backpack for Outdoor Spor...,₹599,,Ficro,"₹1,799",66% off
19.1 L Backpack ACT CORE BKP M,"₹1,549",,REEBOK,"₹1,999",22% off
Large 33 L Backpack 616sbfbdarkgrey,"₹1,897",,FB FASHION,,
Large 35 L Backpack Backpacks School bag College & Trav...,₹445,,PERFECT STAR,"₹2,499",82% off
Medium 30 L Backpack Laptop Backpack,₹498,,Barcelona,"₹1,499",66% off
Medium 30 L Laptop Backpack Unit of SEEBA Unisex Spacy ...,₹471,,PROUVOUG,"₹2,499",81% off
Medium 24 L Backpack Classic All day elegant runner bag...,₹750,,Topper,"₹1,499",49% off
Large 35 L Laptop Backpack 35 L Laptop Backpack with ra...,₹664,,Ficro,"₹1,699",60% off
42.5 L Backpack Vortex Rucksack,"₹1,400",,HRX,"₹3,499",59% off
Small 13 L Backpack Euro String Gym Bag,₹289,,F GEAR,₹498,41% off
Large 45 L Laptop Backpack Laptop Backpack Casual unise...,₹494,,skyfall,"₹1,999",75% off
29.5 L Backpack Wiki 1,"₹1,749",,Wildcraft,,
Medium 23 L Backpack Plus Backpack II,"₹1,049",,PUMA,"₹1,499",30% off
Large 35 L Backpack Explore,₹699,,Paul London,"₹1,999",65% off
Medium 25 L Laptop Backpack for Office/College/School/T...,₹431,,TRAVEL POINT,"₹2,999",85% off
Medium 26 L Laptop Backpack Backpack Bags Men 26 L Scho...,₹348,,zikrefast,"₹1,899",81% off
Large 35 L Laptop Backpack Casual Travel Backpack,₹725,,Despacito,"₹1,999",63% off
Large 35 L Laptop Backpack Laptop Backpack New Collecti...,₹542,,Messi,"₹1,999",72% off
23.5 L Backpack FIND,₹799,,SAFARI,"₹1,958",59% off
Small 20 L Backpack Outdoor Women Backpack for Leisure ...,₹350,,Paradox,"₹2,999",88% off
Large 31 L Backpack WIKI PACK 3 Jacq Red,"₹1,847",,Wildcraft,"₹2,099",12% off
Large 35 L Backpack Unisex Brown Coloured Leather Backp...,₹549,,VENLUM,"₹1,199",54% off
Medium 25 L Backpack 25ltr Laptop Backpack Spacy unisex...,₹599,,parjuar,"₹1,499",60% off
Medium 29 L Backpack Exclusive Imported,"₹1,199",,Texas USA,"₹2,999",60% off
Small 11 L Backpack WIKI CHAMP 1 Monster Black,₹896,,Wildcraft,"₹1,149",22% off
Medium 29 L Backpack Exclusive Imported,"₹1,199",,Texas USA,"₹2,999",60% off
Medium 30 L Laptop Backpack Backpack For College School...,₹419,,WROGN,"₹2,999",86% off
Medium 29 L Backpack Exclusive Imported,"₹1,199",,Texas USA,"₹2,999",60% off
Medium 28 L Backpack NEW PRINTED MARSH-MELLOW DESIGN BA...,₹474,,da mammoth,₹999,52% off
Medium 24 L Laptop Backpack Classic Travel PU 15.6 IN L...,₹601,,Luzian,"₹1,499",59% off
Small 10 L Backpack RAGER 10L DAYPACK BLACK,₹489,,SKYBAGS,"₹1,120",56% off
Medium 25 L Laptop Backpack Lightweight Office Bag/Scho...,₹494,,GOOD FRIENDS,"₹1,299",61% off
Medium 30 L Backpack laptop Backpack,₹498,,Barcelona,"₹1,499",66% off
Medium 29 L Backpack Exclusive Imported,"₹1,199",,Texas USA,"₹2,999",60% off
Large 37 L Laptop Backpack Laptop Backpack navy blue ca...,₹576,,Isparro,"₹1,999",71% off
Large 35 L Backpack 35 L Backpack for Men and Women|Uni...,₹599,,SPEQTA,"₹1,499",60% off
Small 13 L Backpack Unisex Backpack,₹449,,BEWAKOOF,"₹1,499",70% off
"Small 19 L Backpack Meteor Drawstring Bag Daypack, Draw...",₹279,,divulge,₹499,44% off
Large 35 L Backpack 35L spacy bagpack 4th to 10th class...,₹599,,xfast,"₹1,899",68% off
29.5 L Backpack WIKI PACK 1 Canvas Grey,"₹1,343",,Wildcraft,"₹1,599",16% off
"Large 35 L Laptop Backpack large 35L Laptop, Large Trav...",₹899,,PALSHIV,"₹1,999",55% off
18.5 L Backpack Pioneer II,₹899,,PUMA,"₹1,199",25% off
Medium 25 L Laptop Backpack Ultra Lightweight,₹369,,BRIVER,"₹1,199",69% off
Medium 30 L Backpack Casual Self Design Spacy Backpack,₹454,,GOLD SKY,"₹2,499",81% off
"Small 2 L Backpack Travel Bag, Backpack, All Purpose Lu...","₹1,299",,HASTHIP,"₹1,949",33% off
"120 L Backpack Good Quality, Easy accessible, Most Popu...","₹1,304",,Ultrafine,"₹2,999",56% off
Medium 23 L Backpack Boho 01 With Raincover,"₹1,699",,SKYBAGS,"₹2,800",39% off
Small 20 L Laptop Backpack Blue chool bag prox 33,₹439,,Fino,"₹1,299",66% off
Large 46 L Backpack Black thermal insulated food/pizza/...,₹762,,Quaffor,"₹2,499",69% off
Small 10 L Laptop Backpack MagentaBag,₹710,,Wisdom,"₹1,299",45% off
Medium 24 L Backpack PROTECTOR LP BP BLACK,"₹1,099",,ARISTOCRAT,"₹3,400",67% off
Large 35 L Laptop Backpack Backpack for Men and Women |...,₹549,,RC REXCUIR,"₹1,599",65% off
Large 45 L Backpack T-90,₹669,,Barcelona,"₹1,499",55% off
Medium 30 L Backpack RBA-8,₹499,,Ficro,"₹1,499",66% off
23.5 L Backpack FIND,₹799,,SAFARI,"₹1,958",59% off
"Large 35 L Laptop Backpack Casual Travel,College Backpa...",₹726,,Despacito,"₹1,999",63% off
3.5 L Backpack 161848301,"₹1,799",,JACK & JONES,"₹2,999",40% off
Large 32 L Laptop Backpack Office Bag College Travel Ba...,₹719,,SATELLITE,"₹1,999",64% off
Medium 25 L Backpack 25ltr Laptop Backpack Spacy unisex...,₹599,,parjuar,"₹1,499",60% off
Medium 25 L Backpack Smart Unisex Multiuse Bag for Scho...,₹573,,MKD TRENZ,"₹1,999",71% off
Small 15 L Backpack 15 L Casual/Office Travel Backpack ...,₹549,,SKYLINE,"₹1,399",60% off
Medium 21 L Backpack Tiger Daypack 21 Grey Polyester Ca...,₹898,,Cosmus,"₹1,999",55% off
Medium 30 L Laptop Backpack Backpack For College School...,₹419,,WROGN,"₹2,999",86% off
Large 40 L Laptop Backpack PACK 2 Large 40L Laptop BACK...,₹959,,deltin,"₹3,999",76% off
Large 35 L Laptop Backpack 35 L Laptop Casual/Office Tr...,₹599,,SKYLINE,"₹1,799",66% off
Small 12 L Backpack Women / Girls Stylish Trendy Colleg...,₹479,,deepify,"₹1,699",71% off
Medium 25 L Laptop Backpack for Office/College/School/T...,₹431,,TRAVEL POINT,"₹2,999",85% off
Large 35 L Laptop Backpack BEAT01 365 Days Hii Quality ...,₹599,,SeaBags,"₹2,999",80% off
"Medium 25 L Backpack Casual Backpack,Cap and Sunglass C...",₹538,,naimath fashion,"₹1,999",73% off
Medium 22 L Backpack Colleague,"₹3,137",,Wenger,"₹3,690",14% off
Small 10 L Backpack RAGER 10L DAYPACK BLACK,₹489,,SKYBAGS,"₹1,120",56% off
Large 38 L Laptop Backpack College Backpack 38L BP-212,"₹1,197",,Dhariwal,"₹1,700",29% off
Large 36 L Laptop Backpack Large Laptop Backpack Unisex...,₹664,,LOOKMUSTER,"₹1,999",66% off
33.2 L Laptop Backpack TRAVEL BAG WITH HIP STRAP AND CO...,₹549,,Yadav ji,"₹1,999",72% off
Large 35 L Backpack 35L spacy bagpack 4th to 10th class...,₹599,,xfast,"₹1,899",68% off
Small 10 L Backpack PULSE 2.0,₹549,,NIVIA,₹575,4% off
Medium 29 L Backpack Military Tactical,"₹1,799",,F GEAR,"₹3,180",43% off
Small 18 L Backpack Belden,₹718,,F GEAR,"₹2,980",75% off
Medium 25 L Laptop Backpack Ultra Lightweight,₹369,,BRIVER,"₹1,199",69% off
Medium 30 L Laptop Backpack Stylish College School and ...,₹470,,heart choice,"₹1,399",66% off
55 L Backpack Unisex Rucksack Backpack Trekking & Hikin...,₹599,,ozino,"₹2,199",72% off
Large 35 L Laptop Backpack Heavy Duty spacy unisex back...,₹874,,Travlo,"₹1,999",56% off
Medium 23 L Backpack Boho 01 With Raincover,"₹1,699",,SKYBAGS,"₹2,800",39% off
Medium 30 L Backpack Glorious Bags Canvas Grey Tool Bac...,₹915,,GLORIOUS GB,"₹1,999",54% off
Large 70 L Backpack 70 L TRAVEL BACKPACK FOR OUTDOOR SP...,₹639,,PERFECT STAR,"₹2,999",78% off
Large 33 L Backpack Madison Grey Red 33 L waterproof Ba...,"₹1,432",,Cosmus,"₹2,699",46% off
Medium 30 L Backpack laptop Bag||College Bag||BACKPACK|...,₹381,,HP,"₹1,108",65% off
Medium 25 L Backpack Spacy unisex backpack Travel Bag F...,₹584,,MKD TRENZ,"₹2,199",73% off
Large 74 L Backpack Nice Quality Class 6th to 10th,₹775,,BRAND CHOICE,"₹3,799",79% off
Large 80 L Backpack Very Popular Courier Logistic Deliv...,"₹1,149",,Quaffor,"₹2,999",61% off
Large 40 L Laptop Backpack Backpack For College School ...,₹599,,Roadster,"₹2,999",80% off
